t,A_sample_noisy,A_sample_lag1,delta_y,delta_y_lag1,delta_y_lag5
422.0,0.938088665734504,0.9426694914219468,-0.00458082568744278,-0.009056681668087041,0.0005341370687937941
482.0,0.9292991428070884,0.938088665734504,-0.008789522927415638,-0.00458082568744278,-0.008102443042835583
542.0,0.9248081932437956,0.9292991428070884,-0.004490949563292768,-0.008789522927415638,-0.013825127699182871
602.0,0.926087397143397,0.9248081932437956,0.0012792038996014554,-0.004490949563292768,-0.00291834033168914
662.0,0.916821314032691,0.926087397143397,-0.009266083110706091,0.0012792038996014554,-0.009056681668087041
722.0,0.91347460847721,0.916821314032691,-0.003346705555481,-0.009266083110706091,-0.00458082568744278
782.0,0.9092839794488148,0.91347460847721,-0.004190629028395176,-0.003346705555481,-0.008789522927415638
842.0,0.9040042466426842,0.9092839794488148,-0.005279732806130588,-0.004190629028395176,-0.004490949563292768
902.0,0.9108098451863592,0.9040042466426842,0.006805598543675018,-0.005279732806130588,0.0012792038996014554
962.0,0.9028759220217164,0.9108098451863592,-0.007933923164642809,0.006805598543675018,-0.009266083110706091
1022.0,0.8962967108936227,0.9028759220217164,-0.006579211128093676,-0.007933923164642809,-0.003346705555481
1082.0,0.8955866434019675,0.8962967108936227,-0.000710067491655253,-0.006579211128093676,-0.004190629028395176
1142.0,0.8891008258784238,0.8955866434019675,-0.006485817523543713,-0.000710067491655253,-0.005279732806130588
1202.0,0.8849045062403833,0.8891008258784238,-0.004196319638040458,-0.006485817523543713,0.006805598543675018
1262.0,0.8751401930678604,0.8849045062403833,-0.00976431317252291,-0.004196319638040458,-0.007933923164642809
1322.0,0.8726689508292396,0.8751401930678604,-0.00247124223862083,-0.00976431317252291,-0.006579211128093676
1382.0,0.86076146646533,0.8726689508292396,-0.011907484363909537,-0.00247124223862083,-0.000710067491655253
1442.0,0.8509378419675072,0.86076146646533,-0.009823624497822814,-0.011907484363909537,-0.006485817523543713
1502.0,0.8516827845327912,0.8509378419675072,0.0007449425652840125,-0.009823624497822814,-0.004196319638040458
1562.0,0.8407996888986308,0.8516827845327912,-0.010883095634160456,0.0007449425652840125,-0.00976431317252291
1622.0,0.8398104232178253,0.8407996888986308,-0.0009892656808054845,-0.010883095634160456,-0.00247124223862083
1682.0,0.8347188463606392,0.8398104232178253,-0.0050915768571860864,-0.0009892656808054845,-0.011907484363909537
1742.0,0.8198211113503863,0.8347188463606392,-0.014897735010252933,-0.0050915768571860864,-0.009823624497822814
1802.0,0.8243966696725431,0.8198211113503863,0.004575558322156836,-0.014897735010252933,0.0007449425652840125
1862.0,0.8234467377342687,0.8243966696725431,-0.0009499319382744176,0.004575558322156836,-0.010883095634160456
1922.0,0.8217476808801042,0.8234467377342687,-0.0016990568541644935,-0.0009499319382744176,-0.0009892656808054845
1982.0,0.8172183899441121,0.8217476808801042,-0.004529290935992081,-0.0016990568541644935,-0.0050915768571860864
2042.0,0.8078894804285771,0.8172183899441121,-0.009328909515535,-0.004529290935992081,-0.014897735010252933
2102.0,0.7976234800118622,0.8078894804285771,-0.010266000416714882,-0.009328909515535,0.004575558322156836
2162.0,0.7809502594065769,0.7976234800118622,-0.01667322060528531,-0.010266000416714882,-0.0009499319382744176
2222.0,0.7871063653610116,0.7809502594065769,0.006156105954434721,-0.01667322060528531,-0.0016990568541644935
2282.0,0.7804944929861133,0.7871063653610116,-0.006611872374898353,0.006156105954434721,-0.004529290935992081
2342.0,0.7678815034164093,0.7804944929861133,-0.012612989569704025,-0.006611872374898353,-0.009328909515535
2402.0,0.7644435716572138,0.7678815034164093,-0.0034379317591954894,-0.012612989569704025,-0.010266000416714882
2462.0,0.753105266276536,0.7644435716572138,-0.011338305380677816,-0.0034379317591954894,-0.01667322060528531
2522.0,0.7492615600182145,0.753105266276536,-0.003843706258321422,-0.011338305380677816,0.006156105954434721
2582.0,0.7490693441375479,0.7492615600182145,-0.0001922158806666463,-0.003843706258321422,-0.006611872374898353
2642.0,0.7369601526542858,0.7490693441375479,-0.01210919148326206,-0.0001922158806666463,-0.012612989569704025
2702.0,0.7379290995698001,0.7369601526542858,0.0009689469155143016,-0.01210919148326206,-0.0034379317591954894
2762.0,0.7321709638391348,0.7379290995698001,-0.005758135730665304,0.0009689469155143016,-0.011338305380677816
2822.0,0.7322871888163627,0.7321709638391348,0.0001162249772278523,-0.005758135730665304,-0.003843706258321422
2882.0,0.726481125888419,0.7322871888163627,-0.005806062927943723,0.0001162249772278523,-0.0001922158806666463
2942.0,0.7184442321159403,0.726481125888419,-0.008036893772478626,-0.005806062927943723,-0.01210919148326206
3002.0,0.7187180994370871,0.7184442321159403,0.00027386732114675905,-0.008036893772478626,0.0009689469155143016
3062.0,0.7143729626655758,0.7187180994370871,-0.004345136771511271,0.00027386732114675905,-0.005758135730665304
3122.0,0.714423275340804,0.7143729626655758,5.0312675228147974e-05,-0.004345136771511271,0.0001162249772278523
3182.0,0.7136241499005269,0.714423275340804,-0.0007991254402770487,5.0312675228147974e-05,-0.005806062927943723
3242.0,0.700924563698248,0.7136241499005269,-0.012699586202278956,-0.0007991254402770487,-0.008036893772478626
3302.0,0.7071497247806898,0.700924563698248,0.006225161082441866,-0.012699586202278956,0.00027386732114675905
3362.0,0.6998830852772193,0.7071497247806898,-0.007266639503470507,0.006225161082441866,-0.004345136771511271
3422.0,0.6984996335025575,0.6998830852772193,-0.0013834517746618147,-0.007266639503470507,5.0312675228147974e-05
3482.0,0.6985145052607296,0.6984996335025575,1.4871758172052552e-05,-0.0013834517746618147,-0.0007991254402770487
3542.0,0.6882795180960144,0.6985145052607296,-0.010234987164715159,1.4871758172052552e-05,-0.012699586202278956
3602.0,0.6823062007715709,0.6882795180960144,-0.005973317324443506,-0.010234987164715159,0.006225161082441866
3662.0,0.6750297105599792,0.6823062007715709,-0.007276490211591713,-0.005973317324443506,-0.007266639503470507
3722.0,0.6769251811559612,0.6750297105599792,0.0018954705959820517,-0.007276490211591713,-0.0013834517746618147
3782.0,0.6727760463410705,0.6769251811559612,-0.004149134814890765,0.0018954705959820517,1.4871758172052552e-05
3842.0,0.658975077304025,0.6727760463410705,-0.013800969037045419,-0.004149134814890765,-0.010234987164715159
3902.0,0.6516267890612185,0.658975077304025,-0.007348288242806533,-0.013800969037045419,-0.005973317324443506
3962.0,0.6400418883844737,0.6516267890612185,-0.01158490067674478,-0.007348288242806533,-0.007276490211591713
4022.0,0.6475681408558662,0.6400418883844737,0.007526252471392492,-0.01158490067674478,0.0018954705959820517
4082.0,0.6384526094250034,0.6475681408558662,-0.009115531430862855,0.007526252471392492,-0.004149134814890765
4142.0,0.6332574843372022,0.6384526094250034,-0.005195125087801178,-0.009115531430862855,-0.013800969037045419
4202.0,0.6292532090285443,0.6332574843372022,-0.004004275308657879,-0.005195125087801178,-0.007348288242806533
4262.0,0.621375049856048,0.6292532090285443,-0.007878159172496346,-0.004004275308657879,-0.01158490067674478
4322.0,0.6147086940802213,0.621375049856048,-0.006666355775826638,-0.007878159172496346,0.007526252471392492
4382.0,0.6085101476603465,0.6147086940802213,-0.006198546419874829,-0.006666355775826638,-0.009115531430862855
4442.0,0.5963308817765826,0.6085101476603465,-0.012179265883763946,-0.006198546419874829,-0.005195125087801178
4502.0,0.6017268938480274,0.5963308817765826,0.0053960120714448,-0.012179265883763946,-0.004004275308657879
4562.0,0.5986962561549527,0.6017268938480274,-0.003030637693074656,0.0053960120714448,-0.007878159172496346
4622.0,0.5971872555481391,0.5986962561549527,-0.001509000606813582,-0.003030637693074656,-0.006666355775826638
4682.0,0.6030016038306611,0.5971872555481391,0.0058143482825220305,-0.001509000606813582,-0.006198546419874829
4742.0,0.598089427884,0.6030016038306611,-0.004912175946661157,0.0058143482825220305,-0.012179265883763946
4802.0,0.6047094803349974,0.598089427884,0.0066200524509973935,-0.004912175946661157,0.0053960120714448
4862.0,0.5956427047643812,0.6047094803349974,-0.009066775570616192,0.0066200524509973935,-0.003030637693074656
4922.0,0.5982435164290046,0.5956427047643812,0.002600811664623448,-0.009066775570616192,-0.001509000606813582
4982.0,0.5908970454134614,0.5982435164290046,-0.007346471015543199,0.002600811664623448,0.0058143482825220305
5042.0,0.5841470824705843,0.5908970454134614,-0.006749962942877108,-0.007346471015543199,-0.004912175946661157
5102.0,0.5866041701378265,0.5841470824705843,0.002457087667242175,-0.006749962942877108,0.0066200524509973935
5162.0,0.5799811485041358,0.5866041701378265,-0.006623021633690662,0.002457087667242175,-0.009066775570616192
5222.0,0.5757048913943521,0.5799811485041358,-0.004276257109783743,-0.006623021633690662,0.002600811664623448
5282.0,0.5768005457231584,0.5757048913943521,0.001095654328806317,-0.004276257109783743,-0.007346471015543199
5342.0,0.5796736565175633,0.5768005457231584,0.0028731107944048873,0.001095654328806317,-0.006749962942877108
5402.0,0.5756919096565409,0.5796736565175633,-0.003981746861022373,0.0028731107944048873,0.002457087667242175
5462.0,0.5671061741879769,0.5756919096565409,-0.008585735468564004,-0.003981746861022373,-0.006623021633690662
5522.0,0.5633662783445903,0.5671061741879769,-0.0037398958433866314,-0.008585735468564004,-0.004276257109783743
5582.0,0.5587943721002849,0.5633662783445903,-0.004571906244305368,-0.0037398958433866314,0.001095654328806317
5642.0,0.5557372787035159,0.5587943721002849,-0.0030570933967690728,-0.004571906244305368,0.0028731107944048873
5702.0,0.5561372039672796,0.5557372787035159,0.00039992526376375626,-0.0030570933967690728,-0.003981746861022373
5762.0,0.5482985578673911,0.5561372039672796,-0.007838646099888491,0.00039992526376375626,-0.008585735468564004
5822.0,0.5468601164739448,0.5482985578673911,-0.001438441393446288,-0.007838646099888491,-0.0037398958433866314
5882.0,0.5476840173739717,0.5468601164739448,0.0008239009000268194,-0.001438441393446288,-0.004571906244305368
5942.0,0.5387256097986057,0.5476840173739717,-0.008958407575365923,0.0008239009000268194,-0.0030570933967690728
6002.0,0.5289454658432189,0.5387256097986057,-0.009780143955386844,-0.008958407575365923,0.00039992526376375626
6062.0,0.5226479850799614,0.5289454658432189,-0.006297480763257535,-0.009780143955386844,-0.007838646099888491
6122.0,0.5215349174746458,0.5226479850799614,-0.0011130676053155986,-0.006297480763257535,-0.001438441393446288
6182.0,0.5195252020090294,0.5215349174746458,-0.0020097154656163463,-0.0011130676053155986,0.0008239009000268194
6242.0,0.5040137916080898,0.5195252020090294,-0.015511410400939618,-0.0020097154656163463,-0.008958407575365923
6302.0,0.5005598866339853,0.5040137916080898,-0.0034539049741044714,-0.015511410400939618,-0.009780143955386844
6362.0,0.4941640153939902,0.5005598866339853,-0.006395871239995132,-0.0034539049741044714,-0.006297480763257535
6422.0,0.4950742165488672,0.4941640153939902,0.0009102011548769995,-0.006395871239995132,-0.0011130676053155986
6482.0,0.4887710992296379,0.4950742165488672,-0.006303117319229279,0.0009102011548769995,-0.0020097154656163463
6542.0,0.4863008429592133,0.4887710992296379,-0.002470256270424631,-0.006303117319229279,-0.015511410400939618
6602.0,0.4811528419619044,0.4863008429592133,-0.005148000997308888,-0.002470256270424631,-0.0034539049741044714
6662.0,0.4696453359203699,0.4811528419619044,-0.011507506041534499,-0.005148000997308888,-0.006395871239995132
6722.0,0.4746692767501191,0.4696453359203699,0.005023940829749218,-0.011507506041534499,0.0009102011548769995
6782.0,0.4789726188118056,0.4746692767501191,0.004303342061686477,0.005023940829749218,-0.006303117319229279
6842.0,0.4700359936232988,0.4789726188118056,-0.008936625188506797,0.004303342061686477,-0.002470256270424631
6902.0,0.4649284768610712,0.4700359936232988,-0.005107516762227593,-0.008936625188506797,-0.005148000997308888
6962.0,0.4559298076544595,0.4649284768610712,-0.008998669206611687,-0.005107516762227593,-0.011507506041534499
7022.0,0.462387536662783,0.4559298076544595,0.006457729008323476,-0.008998669206611687,0.005023940829749218
7082.0,0.4579385124549902,0.462387536662783,-0.004449024207792807,0.006457729008323476,0.004303342061686477
7142.0,0.4515960409221181,0.4579385124549902,-0.006342471532872096,-0.004449024207792807,-0.008936625188506797
7202.0,0.4507116456848913,0.4515960409221181,-0.000884395237226776,-0.006342471532872096,-0.005107516762227593
7262.0,0.443686934396151,0.4507116456848913,-0.007024711288740326,-0.000884395237226776,-0.008998669206611687
7322.0,0.4467332008758387,0.443686934396151,0.003046266479687698,-0.007024711288740326,0.006457729008323476
7382.0,0.4391251827112971,0.4467332008758387,-0.007608018164541597,0.003046266479687698,-0.004449024207792807
7442.0,0.4356897669337062,0.4391251827112971,-0.003435415777590878,-0.007608018164541597,-0.006342471532872096
7502.0,0.438614538183338,0.4356897669337062,0.002924771249631808,-0.003435415777590878,-0.000884395237226776
7562.0,0.4355988526583356,0.438614538183338,-0.0030156855250024206,0.002924771249631808,-0.007024711288740326
7622.0,0.4346148529425233,0.4355988526583356,-0.0009839997158123115,-0.0030156855250024206,0.003046266479687698
7682.0,0.4329783046121575,0.4346148529425233,-0.0016365483303657502,-0.0009839997158123115,-0.007608018164541597
7742.0,0.4326219040627543,0.4329783046121575,-0.0003564005494032241,-0.0016365483303657502,-0.003435415777590878
7802.0,0.4383545656340254,0.4326219040627543,0.005732661571271114,-0.0003564005494032241,0.002924771249631808
7862.0,0.4391909493414493,0.4383545656340254,0.0008363837074238933,0.005732661571271114,-0.0030156855250024206
7922.0,0.4342800913396377,0.4391909493414493,-0.004910858001811624,0.0008363837074238933,-0.0009839997158123115
7982.0,0.4333950173018525,0.4342800913396377,-0.0008850740377852051,-0.004910858001811624,-0.0016365483303657502
8042.0,0.424954523979311,0.4333950173018525,-0.008440493322541487,-0.0008850740377852051,-0.0003564005494032241
8102.0,0.4159653432914814,0.424954523979311,-0.008989180687829612,-0.008440493322541487,0.005732661571271114
8162.0,0.4146636962971892,0.4159653432914814,-0.0013016469942921938,-0.008989180687829612,0.0008363837074238933
8222.0,0.4145254152995397,0.4146636962971892,-0.00013828099764950919,-0.0013016469942921938,-0.004910858001811624
8282.0,0.4085846857259999,0.4145254152995397,-0.005940729573539805,-0.00013828099764950919,-0.0008850740377852051
8342.0,0.4131085238004264,0.4085846857259999,0.004523838074426523,-0.005940729573539805,-0.008440493322541487
8402.0,0.4087429240913506,0.4131085238004264,-0.004365599709075796,0.004523838074426523,-0.008989180687829612
8462.0,0.4038506172998622,0.4087429240913506,-0.004892306791488388,-0.004365599709075796,-0.0013016469942921938
8522.0,0.4054689115329783,0.4038506172998622,0.001618294233116102,-0.004892306791488388,-0.00013828099764950919
8582.0,0.3972237111768113,0.4054689115329783,-0.008245200356166993,0.001618294233116102,-0.005940729573539805
8642.0,0.3921321834952895,0.3972237111768113,-0.0050915276815218236,-0.008245200356166993,0.004523838074426523
8702.0,0.396523798200108,0.3921321834952895,0.004391614704818525,-0.0050915276815218236,-0.004365599709075796
8762.0,0.3868867489274743,0.396523798200108,-0.009637049272633702,0.004391614704818525,-0.004892306791488388
