t[s],x_t,y_t,A_sample,A_mean,A_var,A_max,A_min,macro_step_time[s]
2.0,20000.0,20000.0,0.9997680800807648,0.013217911585775477,0.006433076895974088,0.9997680800807647,-2.8299586300848234e-46,0.14212298393249512
62.0,21000.0,21000.0,0.9876029824810136,0.013138965933221473,0.00635321607305937,0.9876029824810135,-2.093810768000742e-45,0.06694483757019043
122.0,21000.0,21000.0,0.9850191402502773,0.013060311309357777,0.006274354276356359,0.9850191402502771,-2.183981779331446e-05,0.12483930587768555
182.0,22000.0,22000.0,0.9792618404861821,0.01298194354692568,0.006196479071748338,0.979261840486182,-0.00015628051386363295,0.07779836654663086
242.0,22000.0,22000.0,0.9674264775153415,0.01290385614648953,0.006119578244092824,0.9674264775153414,-0.00030436549878750193,0.05940985679626465
302.0,23000.0,23000.0,0.9679078296828884,0.012826046273003676,0.006043639636794175,0.9679078296828882,-0.00045153599457886656,0.12291717529296875
362.0,24000.0,24000.0,0.9561126513266922,0.012748515130484922,0.005968651139242403,0.9561126513266921,-0.0005987643895455753,0.06409454345703125
422.0,24000.0,24000.0,0.9536647414131842,0.012671265454515437,0.00589460075064895,0.9536647414131841,-0.0007377294347152854,0.0852358341217041
482.0,25000.0,25000.0,0.9480443535020948,0.01259429908083154,0.005821476642373729,0.9480443535020947,-0.0008734184323456621,0.14937877655029297
542.0,25000.0,25000.0,0.9366808800382054,0.012517616216831765,0.00574926717535375,0.9366808800382053,-0.0010058603242721284,0.0603640079498291
602.0,26000.0,26000.0,0.9370731783944091,0.012441216261847616,0.005677960876412123,0.9370731783944091,-0.001129721472140882,0.08052325248718262
662.0,27000.0,27000.0,0.9256371812715736,0.012365098982006769,0.005607546405105683,0.9256371812715735,-0.0012509474612833287,0.05931711196899414
722.0,27000.0,27000.0,0.9233179952255675,0.012289264991755755,0.005538012539070193,0.9233179952255673,-0.0013696570525206669,0.058661699295043945
782.0,28000.0,28000.0,0.917832436372169,0.01221371536480626,0.005469348182666796,0.9178324363721689,-0.0014773942211004443,0.16449475288391113
842.0,28000.0,28000.0,0.9069212005107022,0.01213845094424671,0.005401542383732315,0.9069212005107021,-0.0015783423342004032,0.05803656578063965
902.0,29000.0,29000.0,0.9072307077077026,0.012063472010428568,0.005334584340794061,0.9072307077077025,-0.0016799880457164262,0.07482147216796875
962.0,30000.0,30000.0,0.8961434306627184,0.011988778498764108,0.00526846339559796,0.8961434306627184,-0.0017704799760288401,0.09667444229125977
1022.0,30000.0,30000.0,0.8939461479459755,0.01191437045045825,0.0052031690194622345,0.8939461479459755,-0.0018503681414240704,0.05890321731567383
1082.0,31000.0,31000.0,0.8885932834051299,0.011840248254213218,0.005138690805307169,0.8885932834051298,-0.001935570786556552,0.06036996841430664
1142.0,31000.0,31000.0,0.8781154914859806,0.011766412513506843,0.005075018469759946,0.8781154914859804,-0.002009074460367602,0.15275907516479492
1202.0,32000.0,32000.0,0.8783481038576345,0.011692863732965266,0.005012141860095898,0.8783481038576344,-0.002071063927493162,0.08556962013244629
1262.0,33000.0,33000.0,0.8675993578825065,0.011619602136236145,0.004950050957626256,0.8675993578825064,-0.0021355071733546427,0.058550119400024414
1322.0,33000.0,33000.0,0.8655175246308494,0.011546627752031996,0.004888735873909443,0.8655175246308493,-0.0021926994577041296,0.11528778076171875
1382.0,34000.0,34000.0,0.8602951757636225,0.011473940642931155,0.004828186843198547,0.8602951757636224,-0.002239440210394191,0.060712575912475586
1442.0,34000.0,34000.0,0.8502328530244592,0.011401541047430332,0.004768394217274314,0.8502328530244591,-0.0022844445153884386,0.08096909523010254
1502.0,35000.0,35000.0,0.8503941206948475,0.011329429322860034,0.004709348465617422,0.8503941206948475,-0.0023268217215971824,0.07163333892822266
1562.0,36000.0,36000.0,0.8399739841145137,0.011257605773761104,0.0046510401785999494,0.8399739841145136,-0.0023596488369656554,0.06919980049133301
1622.0,36000.0,36000.0,0.8380014930810679,0.011186070539297514,0.004593460069055924,0.8380014930810677,-0.0023874901528165766,0.05762028694152832
1682.0,37000.0,37000.0,0.8329074447990323,0.011114823632573394,0.004536598969806935,0.8329074447990322,-0.002416762405721055,0.09088921546936035
1742.0,37000.0,37000.0,0.8232433979152193,0.011043865073199882,0.004480447828760424,0.8232433979152192,-0.002437983637148169,0.07708740234375
1802.0,38000.0,38000.0,0.8233385438289389,0.010973194978855802,0.004424997705151152,0.8233385438289388,-0.0024523196615487716,0.08552813529968262
1862.0,39000.0,39000.0,0.813237357398261,0.010902813538536539,0.0043702397689244984,0.8132373573982609,-0.0024705563923698446,0.0755312442779541
1922.0,39000.0,39000.0,0.8113684290109001,0.010832720908920018,0.0043161653021126355,0.8113684290109,-0.0024820130302016285,0.0605168342590332
1982.0,40000.0,40000.0,0.8064004366488056,0.010762917139554204,0.004262765699411743,0.8064004366488055,-0.0024877453370345105,0.08227252960205078
2042.0,40000.0,40000.0,0.797118218066255,0.010693402191712699,0.00421003246630261,0.7971182180662549,-0.002495111170395363,0.06138277053833008
2102.0,41000.0,41000.0,0.7971521559969681,0.010624176021310031,0.004157957215542495,0.797152155996968,-0.0024989970852330335,0.05726933479309082
2162.0,42000.0,42000.0,0.7873605179271654,0.010555238641451534,0.004106531664240961,0.7873605179271653,-0.002498477387509443,0.21069002151489258
2222.0,42000.0,42000.0,0.7855896823979853,0.010486590109829188,0.004055747632905055,0.7855896823979852,-0.0024978584271927984,0.14177680015563965
2282.0,43000.0,43000.0,0.7807454780507933,0.010418230462252287,0.00400559704585568,0.7807454780507932,-0.002495852570772722,0.05752968788146973
2342.0,43000.0,43000.0,0.7718293520227691,0.010350159660538562,0.003956071931246128,0.771829352022769,-0.002490562636070094,0.08078551292419434
2402.0,44000.0,44000.0,0.7718067036150675,0.010282377601359043,0.003907164419521108,0.7718067036150674,-0.0024844717703087485,0.0756692886352539
2462.0,45000.0,45000.0,0.762315464545501,0.010214884170718657,0.003858866740751826,0.7623154645455009,-0.002478267487004324,0.06010723114013672
2522.0,45000.0,45000.0,0.7606375449731576,0.010147679288397611,0.0038111712222753725,0.7606375449731575,-0.002469743898831026,0.08195090293884277
2582.0,46000.0,46000.0,0.7559148433328726,0.010080762902499088,0.00376407028761911,0.7559148433328725,-0.002460183117317122,0.07639026641845703
2642.0,46000.0,46000.0,0.7473497535762887,0.010014134945071182,0.0037175564563950375,0.7473497535762886,-0.0024509788747757374,0.06453561782836914
2702.0,47000.0,47000.0,0.7472748644717079,0.009947795294610689,0.0036716223440043127,0.7472748644717078,-0.002440191223435325,0.14681196212768555
2762.0,48000.0,48000.0,0.738075122402301,0.009881743779715615,0.0036262606603216776,0.7380751224023009,-0.002428540476805466,0.05721426010131836
2822.0,48000.0,48000.0,0.7364852188116902,0.009815980216124422,0.003581464207586929,0.73648521881169,-0.0024174264336534064,0.09344983100891113
2882.0,49000.0,49000.0,0.7318817225360046,0.00975050443918918,0.0035372258784513704,0.7318817225360045,-0.0024053088299733814,0.08496952056884766
2942.0,49000.0,49000.0,0.7236532614271841,0.009685316302184704,0.003493538654885311,0.723653261427184,-0.002392542878284649,0.059747934341430664
3002.0,50000.0,50000.0,0.7235302165234145,0.00962041564583234,0.0034503956077850065,0.7235302165234144,-0.0023802120874769667,0.0975642204284668
3062.0,51000.0,51000.0,0.7146133117209003,0.009555802270671135,0.0034077898965004364,0.7146133117209003,-0.0023672712686354847,0.1374521255493164
3122.0,51000.0,51000.0,0.7131067859874977,0.00949147593794613,0.003365714767681361,0.7131067859874977,-0.002353962533102331,0.05589103698730469
3182.0,52000.0,52000.0,0.7086201906313866,0.00942743639541717,0.0033241635535542846,0.7086201906313866,-0.002341004451983087,0.0592348575592041
3242.0,52000.0,52000.0,0.7007145698650006,0.009363683401588245,0.0032831296702722215,0.7007145698650006,-0.002327724184747823,0.09746479988098145
3302.0,53000.0,53000.0,0.7005472077542136,0.009300216726014176,0.0032426066168527137,0.7005472077542135,-0.0023142492591694225,0.059496164321899414
3362.0,54000.0,54000.0,0.6919047176450382,0.009237036127944485,0.003202587974627761,0.6919047176450381,-0.0023009841619643103,0.09547734260559082
3422.0,54000.0,54000.0,0.69047717925444,0.009174141335602666,0.0031630674066739227,0.6904771792544399,-0.0022875645740793728,0.061313629150390625
3482.0,55000.0,55000.0,0.6861051777930777,0.00911153204561077,0.0031240386567800114,0.6861051777930776,-0.002274102490600631,0.057276248931884766
3542.0,55000.0,55000.0,0.6785092004321401,0.00904920794130253,0.0030854955480011342,0.67850920043214,-0.0022607973139857876,0.08538460731506348
3602.0,56000.0,56000.0,0.6783011270624895,0.00898716871109057,0.003047431981240431,0.6783011270624894,-0.002247454797883048,0.05971169471740723
3662.0,57000.0,57000.0,0.6699248611233101,0.008925414049802963,0.0030098419342389155,0.66992486112331,-0.002234128944465564,0.12430906295776367
3722.0,57000.0,57000.0,0.6685721537190111,0.00886394364349545,0.0029727194609446396,0.668572153719011,-0.00222089300175237,0.08409404754638672
3782.0,58000.0,58000.0,0.6643124406894609,0.00880275715370105,0.0029360586908932845,0.6643124406894608,-0.0022076719341326593,0.0602262020111084
3842.0,58000.0,58000.0,0.6570134745377456,0.008741854216116535,0.0028998538282718877,0.6570134745377455,-0.002194519667227186,0.08347702026367188
3902.0,59000.0,59000.0,0.6567680761389805,0.008681234453778247,0.0028640991506791607,0.6567680761389805,-0.0021814540013378736,0.06562352180480957
3962.0,60000.0,60000.0,0.6486500707955647,0.008620897491160896,0.0028287890078893202,0.6486500707955647,-0.0021684421522572207,0.057367563247680664
4022.0,60000.0,60000.0,0.6473682594708527,0.008560842956000176,0.002793917820902719,0.6473682594708527,-0.002155503303862724,0.09371685981750488
4082.0,61000.0,61000.0,0.6432185347576196,0.008501070468374585,0.002759480081280571,0.6432185347576195,-0.002142625771271574,0.0605013370513916
4142.0,61000.0,61000.0,0.63620448698936,0.008441579628605823,0.002725470350506609,0.6362044869893599,-0.0021298114305837073,0.060317039489746094
4202.0,62000.0,62000.0,0.6359249423021965,0.008382370015616869,0.0026918832591302307,0.6359249423021964,-0.0021170821615433934,0.08433413505554199
4262.0,63000.0,63000.0,0.6280574558456965,0.008323441196511896,0.0026587135056855616,0.6280574558456964,-0.002104425453237421,0.05984926223754883
4322.0,63000.0,63000.0,0.6268428151379261,0.008264792737507782,0.002625955855601807,0.626842815137926,-0.002091851096576161,0.0790243148803711
4382.0,64000.0,64000.0,0.6228007874265912,0.008206424205934704,0.002593605140317383,0.6228007874265911,-0.002079341556121337,0.12387919425964355
4442.0,64000.0,64000.0,0.6160600804116225,0.008148335162328752,0.0025616562566087467,0.6160600804116224,-0.0020669057902985327,0.06834197044372559
4502.0,65000.0,65000.0,0.6157493722577275,0.00809052515106021,0.002530104165952815,0.6157493722577274,-0.0020545419583717878,0.07184457778930664
4562.0,66000.0,66000.0,0.6081248797870453,0.00803299369859657,0.0024989438937381998,0.6081248797870452,-0.0020422569676656773,0.08933615684509277
4622.0,66000.0,66000.0,0.6069738823349133,0.00797574032052324,0.0024681705283101916,0.6069738823349132,-0.002030038821653822,0.060613393783569336
4682.0,67000.0,67000.0,0.603037272255957,0.007918764530087474,0.0024377792200015974,0.6030372722559569,-0.0020179011345301764,0.06159043312072754
4742.0,67000.0,67000.0,0.596558820521606,0.007862065840201613,0.00240776518030976,0.5965588205216059,-0.0020058303143489363,0.0591740608215332
4802.0,68000.0,68000.0,0.5962197467495648,0.007805643757688573,0.0023781236812371242,0.5962197467495647,-0.001993835746739619,0.059838056564331055
4862.0,69000.0,69000.0,0.588830935147439,0.007749497775976339,0.002348850054667034,0.5888309351474389,-0.001981909652886412,0.08043599128723145
4922.0,69000.0,69000.0,0.5877402409741022,0.007693627373397796,0.0023199396916349533,0.587740240974102,-0.0019700584235074876,0.057280778884887695
4982.0,70000.0,70000.0,0.5839067839582792,0.0076380320183674485,0.0022913880414759664,0.5839067839582791,-0.0019582735069974657,0.06128644943237305
5042.0,70000.0,70000.0,0.5776799722322602,0.007582711176104059,0.00226319061095651,0.5776799722322601,-0.0019465635752798833,0.08135104179382324
5102.0,71000.0,71000.0,0.5773151560725793,0.007527664310540377,0.0022353429635119096,0.5773151560725792,-0.001934918752453469,0.06001567840576172
5162.0,72000.0,72000.0,0.5701549190223952,0.00747289088012435,0.0022078407186093716,0.5701549190223951,-0.0019233479137548105,0.06003618240356445
5222.0,72000.0,72000.0,0.569121365409388,0.007418390332094473,0.002180679551145166,0.5691213654093878,-0.0019118446097939443,0.08486366271972656
5282.0,73000.0,73000.0,0.5653888142740557,0.0073641621008857655,0.0021538551907697096,0.5653888142740556,-0.0019004081653553053,0.0788118839263916
5342.0,73000.0,73000.0,0.5594034765554112,0.007310205611962812,0.00212736342112048,0.5594034765554111,-0.0018890447725620927,0.07409024238586426
5402.0,74000.0,74000.0,0.5590153764165369,0.00725652028713726,0.0021012000790396074,0.5590153764165368,-0.0018777410760318,0.05977439880371094
5462.0,75000.0,75000.0,0.5520768094657961,0.007203105546331414,0.0020753610538687007,0.552076809465796,-0.0018665160417526772,0.05892205238342285
5522.0,75000.0,75000.0,0.5510974013846466,0.007149960804504355,0.0020498422868406225,0.5510974013846465,-0.00185534454538371,0.08525896072387695
5582.0,76000.0,76000.0,0.5474635286699949,0.007097085467126145,0.0020246397705031907,0.5474635286699948,-0.001844255224471263,0.058931589126586914
5642.0,76000.0,76000.0,0.5417099282778699,0.007044478928674725,0.001999749548093961,0.5417099282778698,-0.0018332159078853923,0.060317277908325195
5702.0,77000.0,77000.0,0.5413008470124857,0.006992140575376726,0.001975167712847104,0.5413008470124856,-0.0018222591404252152,0.08766937255859375
5762.0,78000.0,78000.0,0.534577242688928,0.006940069789212119,0.0019508904072879777,0.5345772426889279,-0.0018113501957191754,0.06083226203918457
5822.0,78000.0,78000.0,0.5336491437592309,0.0068882659490611745,0.0019269138225875737,0.5336491437592308,-0.0018005266724206907,0.13057684898376465
5882.0,79000.0,79000.0,0.530111743831409,0.006836728427557146,0.0019032341979981938,0.5301117438314089,-0.001789744336252579,0.079498291015625
5942.0,79000.0,79000.0,0.5245805543838636,0.006785456585739446,0.0018798478203292165,0.5245805543838636,-0.0017790525011024511,0.06778740882873535
6002.0,80000.0,80000.0,0.5241526480544448,0.006734449768316472,0.001856751023410664,0.5241526480544447,-0.0017684036407787896,0.0794517993927002
6062.0,81000.0,81000.0,0.5176374910392698,0.006683707299340729,0.00183394018754385,0.5176374910392697,-0.0017578330641284624,0.08050012588500977
6122.0,81000.0,81000.0,0.5167580149837678,0.0066332284737557895,0.0018114117390076467,0.5167580149837678,-0.001747316855448567,0.07872772216796875
6182.0,82000.0,82000.0,0.5133149059216296,0.006583012537577716,0.0017891621497239702,0.5133149059216295,-0.001736866909554388,0.05986142158508301
6242.0,82000.0,82000.0,0.5079971931994159,0.006533058648867395,0.001767187937180528,0.5079971931994159,-0.0017264802286862196,0.08186197280883789
6302.0,83000.0,83000.0,0.5075524793679771,0.0064833658104276395,0.0017454856647081875,0.5075524793679771,-0.0017161500246861048,0.10563945770263672
6362.0,84000.0,84000.0,0.5012394417354997,0.0064339327597368115,0.0017240519422698495,0.5012394417354997,-0.0017058908101538017,0.07693743705749512
6422.0,84000.0,84000.0,0.5004060443121803,0.006384757790314796,0.0017028834280568834,0.5004060443121803,-0.0016956793481081828,0.05891847610473633
6482.0,85000.0,85000.0,0.4970550695414616,0.006335838462292608,0.0016819768313842927,0.49705506954146156,-0.0016855456679654606,0.07958054542541504
6542.0,85000.0,85000.0,0.4919422741188579,0.006287171139719778,0.0016613289175941882,0.4919422741188578,-0.001675456013944342,0.0842750072479248
6602.0,86000.0,86000.0,0.49148264016579046,0.006238750267494001,0.0016409365159134567,0.4914826401657904,-0.001665441895923645,0.05962562561035156
6662.0,87000.0,87000.0,0.48536557522229357,0.006190567268835575,0.0016207965314862826,0.4853655752222935,-0.001655478626004133,0.07855820655822754
6722.0,87000.0,87000.0,0.4845758449113081,0.00614260890181528,0.0016009059631148692,0.48457584491130806,-0.0016455840420513024,0.15147900581359863
6782.0,88000.0,88000.0,0.481314885246018,0.006094854859922298,0.0015812619285037184,0.48131488524601795,-0.0016357434588407307,0.12087774276733398
6842.0,88000.0,88000.0,0.4763988164135389,0.006047274340077276,0.001561861698774986,0.4763988164135388,-0.0016259629983479374,0.061116933822631836
6902.0,89000.0,89000.0,0.47592596175111285,0.005999821237856095,0.0015427027432433709,0.4759259617511128,-0.0016162492932752701,0.0862722396850586
6962.0,90000.0,90000.0,0.46999906328130714,0.005952427571748519,0.00152378278309891,0.4699990632813071,-0.0016065873948112324,0.13090753555297852
7022.0,90000.0,90000.0,0.4692508439956148,0.00590499469575516,0.001505099847354534,0.46925084399561473,-0.0015969783249485767,0.05920553207397461
7082.0,91000.0,91000.0,0.4660770010832641,0.005857381846116185,0.001486652313852246,0.46607700108326405,-0.0015874429508473955,0.06153440475463867
7142.0,91000.0,91000.0,0.4613492614224237,0.005809391602912814,0.0014684388986285044,0.46134926142242366,-0.001577956571321414,0.08788156509399414
7202.0,92000.0,92000.0,0.4608682793012954,0.005760751955995431,0.0014504585231858793,0.46086827930129537,-0.0015685159738594715,0.0700685977935791
7262.0,93000.0,93000.0,0.4551185431388556,0.005711094875562243,0.001432709934194803,0.4551185431388555,-0.0015591565323957238,0.08771038055419922
7322.0,93000.0,93000.0,0.4544058086924356,0.005659931627495159,0.0014151908658743358,0.4544058086924355,-0.0015498415318863435,0.13059687614440918
7382.0,94000.0,94000.0,0.45134257957011065,0.0056066255619944124,0.0013978964148029216,0.4513425795701106,-0.001540566703725123,0.05959796905517578
7442.0,94000.0,94000.0,0.44680727016701893,0.005550363748115254,0.0013808161381350951,0.4468072701670189,-0.0015313832920077271,0.06077885627746582
7502.0,95000.0,95000.0,0.4462397987440903,0.005490129613706424,0.0013639291983398368,0.44623979874409025,-0.0015222292248265946,0.1577281951904297
7562.0,96000.0,96000.0,0.44080245974099674,0.005424679638400536,0.0013471966897162615,0.4408024597409967,-0.0015131242174041633,0.14816808700561523
7622.0,96000.0,96000.0,0.44017221422353575,0.0053525280563077,0.0013305501527579682,0.4401722142235357,-0.0015041272292318651,0.06591296195983887
7682.0,97000.0,97000.0,0.4368534690578005,0.005271944327950551,0.0013138753079187568,0.4368534690578004,-0.0014951064062907404,0.13990187644958496
7742.0,97000.0,97000.0,0.4323992244388061,0.005180968663435979,0.0012969903544181732,0.432399224438806,-0.0014862341561676538,0.06611824035644531
7802.0,98000.0,98000.0,0.4325803516204441,0.005077450909777213,0.0012796189407520465,0.43258035162044406,-0.0014774444956434571,0.09793734550476074
7862.0,99000.0,99000.0,0.4262037079989877,0.00495911743154609,0.0012613592684371372,0.42620370799898766,-0.001468625219275439,0.0620577335357666
7922.0,99000.0,99000.0,0.4253998850269376,0.004823669020364162,0.0012416528098588202,0.42539988502693754,-0.0014600714705064655,0.06656026840209961
7982.0,100000.0,100000.0,0.4241856810677275,0.004668910250619726,0.0012197587049837904,0.42418568106772747,-0.001451590652166873,0.08842778205871582
8042.0,100000.0,100000.0,0.42016979250956205,0.004492907082565709,0.0011947426693863028,0.420169792509562,-0.0014431036319994784,0.140824556350708
8102.0,101000.0,101000.0,0.4171946444167827,0.004294165122496897,0.00116549144693053,0.4171946444167827,-0.0014352894762626148,0.06461191177368164
8162.0,102000.0,102000.0,0.41464165240646556,0.004071816236603781,0.0011307643533821701,0.4146416524064655,-0.0014274251881343505,0.12569856643676758
8222.0,102000.0,102000.0,0.41405322981995596,0.0038257968573695285,0.0010892909650723332,0.4140532298199559,-0.0014203159795211325,0.0728299617767334
8282.0,103000.0,103000.0,0.4086358658700534,0.0035569981544158716,0.00103991741565251,0.40863586587005335,-0.0014137328340106422,0.09037303924560547
8342.0,103000.0,103000.0,0.40480988925157857,0.003267367131236366,0.0009817928490015353,0.4048098892515785,-0.0014078382113114937,0.06417369842529297
8402.0,104000.0,104000.0,0.4059721524940251,0.0029599393725203626,0.0009145736736272745,0.405972152494025,-0.001403645218235728,0.12414169311523438
8462.0,105000.0,105000.0,0.3999274254062465,0.002638788974705129,0.0008386096491941176,0.3999274254062465,-0.0013997986494988569,0.19869685173034668
8522.0,105000.0,105000.0,0.3999412324565356,0.0023088890000088676,0.0007550673547240689,0.3999412324565356,-0.0013995972278273564,0.0647118091583252
8582.0,106000.0,106000.0,0.39578792095776516,0.0019758858517076316,0.000665948278914163,0.3957879209577651,-0.0013994292117943757,0.08006453514099121
8642.0,106000.0,107000.0,0.3914501441641281,0.0016458019565025299,0.0005739736944657921,0.3914501441641281,-0.0014042990610298827,0.06944012641906738
8702.0,107000.0,107000.0,0.3944864891379866,0.0013246913477290001,0.00048233555965390603,0.39448648913798656,-0.0014097664898669207,0.0843803882598877
8762.0,107000.0,107000.0,0.3876467753298554,0.001018280371985155,0.0003943457985233276,0.38764677532985536,-0.0014184895227303588,0.06071281433105469
